,1,2,not specified,3
1,0.9518072289156626,0.024096385542168676,0.012048192771084338,0.012048192771084338
2,0.2,0.8,0.0,0.0
not specified,0.7,0.0,0.2,0.1
3,0.0,0.0,0.0,1.0
