,false,true,not specified
false,0.8795180722891566,0.12048192771084337,0.0
true,0.14814814814814814,0.8518518518518519,0.0
not specified,0.7,0.3,0.0
