,apartment,room,loft,not specified,studio
apartment,0.8913043478260869,0.08695652173913043,0.0,0.021739130434782608,0.0
room,0.4166666666666667,0.5833333333333334,0.0,0.0,0.0
loft,0.08333333333333333,0.0,0.9166666666666666,0.0,0.0
not specified,0.25,0.375,0.0,0.375,0.0
studio,0.0,0.0,0.0,0.0,1.0
