,comfortable,artsy,modern,plain,chic
comfortable,0.6956521739130435,0.021739130434782608,0.043478260869565216,0.13043478260869565,0.10869565217391304
artsy,0.16666666666666666,0.6111111111111112,0.16666666666666666,0.05555555555555555,0.0
modern,0.3888888888888889,0.0,0.5555555555555556,0.0,0.05555555555555555
plain,0.2727272727272727,0.0,0.18181818181818182,0.45454545454545453,0.09090909090909091
chic,0.25,0.125,0.25,0.125,0.25
