,Number of Bedrooms,Type of Property,Is any space shared?,Overall vibes/atmosphere
accuracy,0.85,0.6833333333333333,0.8,0.5416666666666666
precision,0.5246031746031746,0.38575630252100834,0.5026455026455027,0.2504299213858037
recall,0.487049062049062,0.3711333333333333,0.5771233080470028,0.26016914734719887
f1_score,0.4781998098695013,0.3677698171173521,0.5348034090549061,0.25406545209176784
