,Number of Bedrooms,Type of Property,Is any space shared?,Overall vibes/atmosphere
precision,[0.87777778 0.88888889 0.66666667 0.71428571],[0.73214286 0.41176471 0.91666667 0.75       0.75      ],[0.86904762 0.63888889 0.        ],[0.66666667 0.64705882 0.5        0.38461538 0.18181818]
recall,[0.94047619 0.8        0.18181818 1.        ],[0.82       0.5        0.91666667 0.375      1.        ],[0.87951807 0.85185185 0.        ],[0.68085106 0.52380952 0.52631579 0.45454545 0.22222222]
f1_score,[0.90804598 0.84210526 0.28571429 0.83333333],[0.77358491 0.4516129  0.91666667 0.5        0.85714286],[0.8742515  0.73015873 0.        ],[0.67368421 0.57894737 0.51282051 0.41666667 0.2       ]
