,apartment,room,loft,not specified,studio
apartment,0.8775510204081632,0.061224489795918366,0.0,0.061224489795918366,0.0
room,0.38461538461538464,0.6153846153846154,0.0,0.0,0.0
loft,0.08333333333333333,0.0,0.8333333333333334,0.0,0.08333333333333333
not specified,0.16666666666666666,0.5,0.0,0.3333333333333333,0.0
studio,0.0,0.0,0.0,0.0,1.0
