,1,2,not specified,3
1,0.8928571428571429,0.07142857142857142,0.023809523809523808,0.011904761904761904
2,0.2,0.8,0.0,0.0
not specified,0.9090909090909091,0.0,0.09090909090909091,0.0
3,0.0,0.0,0.0,1.0
