,comfortable,artsy,modern,plain,chic
comfortable,0.75,0.022727272727272728,0.06818181818181818,0.13636363636363635,0.022727272727272728
artsy,0.05555555555555555,0.6666666666666666,0.1111111111111111,0.1111111111111111,0.05555555555555555
modern,0.3157894736842105,0.0,0.42105263157894735,0.15789473684210525,0.10526315789473684
plain,0.4,0.0,0.4,0.2,0.0
chic,0.42857142857142855,0.14285714285714285,0.2857142857142857,0.0,0.14285714285714285
