,Number of Bedrooms,Type of Property,Is any space shared?,Overall vibes/atmosphere
accuracy,0.8083333333333333,0.6916666666666667,0.7833333333333333,0.5083333333333333
precision,0.6841590057882193,0.37168421052631584,0.4894179894179895,0.2626363832246185
recall,0.6959415584415585,0.3705904761904762,0.5607615647776291,0.2629363691157441
f1_score,0.6702262092435503,0.3620560706168183,0.5202293825048315,0.25943663800806654
