,Number of Bedrooms,Type of Property,Is any space shared?,Overall vibes/atmosphere
precision,[0.84269663 0.72727273 0.33333333 0.83333333],[0.75438596 0.42105263 1.         0.4        0.66666667],[0.85714286 0.61111111 0.        ],[0.64705882 0.75       0.4        0.15384615 0.16666667]
recall,[0.89285714 0.8        0.09090909 1.        ],[0.86       0.57142857 0.83333333 0.25       1.        ],[0.86746988 0.81481481 0.        ],[0.70212766 0.57142857 0.42105263 0.18181818 0.11111111]
f1_score,[0.86705202 0.76190476 0.14285714 0.90909091],[0.80373832 0.48484848 0.90909091 0.30769231 0.8       ],[0.86227545 0.6984127  0.        ],[0.67346939 0.64864865 0.41025641 0.16666667 0.13333333]
