,false,true,not specified
false,0.9156626506024096,0.08433734939759036,0.0
true,0.25925925925925924,0.7407407407407407,0.0
not specified,0.6,0.4,0.0
