,comfortable,artsy,modern,plain,chic
comfortable,0.6595744680851063,0.02127659574468085,0.0851063829787234,0.1276595744680851,0.10638297872340426
artsy,0.15,0.55,0.15,0.05,0.1
modern,0.29411764705882354,0.0,0.6470588235294118,0.0,0.058823529411764705
plain,0.5555555555555556,0.0,0.4444444444444444,0.0,0.0
chic,0.375,0.0,0.375,0.0,0.25
