,1,2,not specified,3
1,0.8928571428571429,0.09523809523809523,0.0,0.011904761904761904
2,0.1,0.9,0.0,0.0
not specified,0.6363636363636364,0.09090909090909091,0.2727272727272727,0.0
3,0.0,0.0,0.0,1.0
