,apartment,room,loft,not specified,studio
apartment,0.8936170212765957,0.06382978723404255,0.0,0.0425531914893617,0.0
room,0.5,0.5,0.0,0.0,0.0
loft,0.08333333333333333,0.0,0.8333333333333334,0.0,0.08333333333333333
not specified,0.125,0.375,0.0,0.5,0.0
studio,0.0,0.0,0.0,0.0,1.0
