,Number of Bedrooms,Type of Property,Is any space shared?,Overall vibes/atmosphere
accuracy,0.8416666666666667,0.6833333333333333,0.8,0.49166666666666664
precision,0.8482142857142857,0.369583884872552,0.4996979581974145,0.2374512187320069
recall,0.7663961038961038,0.38486542443064187,0.5521344637810501,0.2323620139969524
f1_score,0.7491192318319978,0.37153098892229325,0.524458700882117,0.2310171553592606
