,Number of Bedrooms,Type of Property,Is any space shared?,Overall vibes/atmosphere
precision,[0.89285714 0.66666667 1.         0.83333333],[0.68852459 0.42857143 1.         0.66666667 0.66666667],[0.85393258 0.64516129 0.        ],[0.63265306 0.73333333 0.37931034 0.         0.2       ]
recall,[0.89285714 0.9        0.27272727 1.        ],[0.84       0.42857143 0.83333333 0.5        1.        ],[0.91566265 0.74074074 0.        ],[0.65957447 0.52380952 0.57894737 0.         0.22222222]
f1_score,[0.89285714 0.76595745 0.42857143 0.90909091],[0.75675676 0.42857143 0.90909091 0.57142857 0.8       ],[0.88372093 0.68965517 0.        ],[0.64583333 0.61111111 0.45833333 0.         0.21052632]
