,apartment,room,loft,not specified,studio
apartment,0.9302325581395349,0.046511627906976744,0.0,0.023255813953488372,0.0
room,0.4166666666666667,0.5,0.08333333333333333,0.0,0.0
loft,0.09090909090909091,0.0,0.9090909090909091,0.0,0.0
not specified,0.2857142857142857,0.42857142857142855,0.0,0.2857142857142857,0.0
studio,0.0,0.0,0.0,0.0,1.0
