,1,2,not specified,3
1,0.8928571428571429,0.08333333333333333,0.011904761904761904,0.011904761904761904
2,0.15,0.85,0.0,0.0
not specified,0.8181818181818182,0.0,0.09090909090909091,0.09090909090909091
3,0.0,0.0,0.0,1.0
