,false,true,not specified
false,0.9036144578313253,0.0963855421686747,0.0
true,0.25925925925925924,0.7407407407407407,0.0
not specified,0.9,0.1,0.0
