,comfortable,artsy,modern,plain,chic
comfortable,0.7608695652173914,0.0,0.10869565217391304,0.043478260869565216,0.08695652173913043
artsy,0.11764705882352941,0.47058823529411764,0.35294117647058826,0.0,0.058823529411764705
modern,0.42105263157894735,0.0,0.42105263157894735,0.05263157894736842,0.10526315789473684
plain,0.8,0.0,0.1,0.1,0.0
chic,0.2222222222222222,0.1111111111111111,0.3333333333333333,0.0,0.3333333333333333
