json_status,proportion
Fixable,0.7333333333333333
Perfect,0.26666666666666666
