,Number of Bedrooms,Type of Property,Is any space shared?,Overall vibes/atmosphere
accuracy,0.8166666666666667,0.6583333333333333,0.7916666666666666,0.5
precision,0.6961720032840722,0.33776655443322107,0.5046103321965391,0.25311966553277715
recall,0.7084415584415584,0.3417989417989418,0.548118399524022,0.24411036382939058
f1_score,0.6592749355907249,0.3261673516296205,0.5254515599343186,0.23821330184966547
