,Number of Bedrooms,Type of Property,Is any space shared?,Overall vibes/atmosphere
precision,[0.86206897 0.70833333 0.5        0.71428571],[0.72727273 0.4        0.90909091 0.66666667 0.75      ],[0.82417582 0.68965517 0.        ],[0.60344828 0.72727273 0.34782609 0.25       0.23076923]
recall,[0.89285714 0.85       0.09090909 1.        ],[0.8        0.42857143 0.83333333 0.25       1.        ],[0.90361446 0.74074074 0.        ],[0.74468085 0.38095238 0.42105263 0.09090909 0.33333333]
f1_score,[0.87719298 0.77272727 0.15384615 0.83333333],[0.76190476 0.4137931  0.86956522 0.36363636 0.85714286],[0.86206897 0.71428571 0.        ],[0.66666667 0.5        0.38095238 0.13333333 0.27272727]
