,apartment,room,loft,not specified,studio
apartment,0.8775510204081632,0.0,0.0,0.12244897959183673,0.0
room,0.46153846153846156,0.07692307692307693,0.0,0.46153846153846156,0.0
loft,0.09090909090909091,0.0,0.9090909090909091,0.0,0.0
not specified,0.0,0.0,0.0,1.0,0.0
studio,0.0,0.0,0.0,0.0,1.0
