,1,2,not specified,3
1,0.7108433734939759,0.060240963855421686,0.20481927710843373,0.024096385542168676
2,0.1,0.85,0.05,0.0
not specified,0.0,0.0,1.0,0.0
3,0.0,0.0,0.0,1.0
