,false,true,not specified
false,0.9759036144578314,0.024096385542168676,0.0
true,0.4074074074074074,0.5925925925925926,0.0
not specified,0.7,0.3,0.0
