,comfortable,artsy,modern,plain,chic
comfortable,0.9310344827586207,0.034482758620689655,0.034482758620689655,0.0,0.0
artsy,0.23076923076923078,0.5384615384615384,0.07692307692307693,0.0,0.15384615384615385
modern,0.5833333333333334,0.0,0.4166666666666667,0.0,0.0
plain,1.0,0.0,0.0,0.0,0.0
chic,0.5,0.0,0.25,0.0,0.25
