,Number of Bedrooms,Type of Property,Is any space shared?,Overall vibes/atmosphere
precision,[0.96721311 0.77272727 0.37931034 0.71428571],[0.70491803 1.         1.         0.29166667 1.        ],[0.81818182 0.76190476 0.        ],[0.61363636 0.7        0.5        0.         0.33333333]
recall,[0.70238095 0.85       1.         1.        ],[0.86       0.07142857 0.83333333 0.875      0.66666667],[0.97590361 0.59259259 0.        ],[0.57446809 0.33333333 0.26315789 0.         0.11111111]
f1_score,[0.8137931  0.80952381 0.55       0.83333333],[0.77477477 0.13333333 0.90909091 0.4375     0.8       ],[0.89010989 0.66666667 0.        ],[0.59340659 0.4516129  0.34482759 0.         0.16666667]
