,Number of Bedrooms,Type of Property,Is any space shared?,Overall vibes/atmosphere
accuracy,0.7666666666666667,0.6083333333333333,0.8083333333333333,0.38333333333333336
precision,0.5667072893189343,0.2800884225064553,0.5266955266955268,0.320332726854466
recall,0.7104761904761905,0.28742673992673995,0.522832069016808,0.25885438576741304
f1_score,0.6013300492610837,0.24502200127200127,0.518925518925519,0.25684619892469884
