,1,2,not specified,3
1,0.8690476190476191,0.09523809523809523,0.023809523809523808,0.011904761904761904
2,0.2,0.8,0.0,0.0
not specified,0.5454545454545454,0.09090909090909091,0.36363636363636365,0.0
3,0.0,0.0,0.0,1.0
