,apartment,room,loft,not specified,studio
apartment,0.8571428571428571,0.061224489795918366,0.0,0.08163265306122448,0.0
room,0.38461538461538464,0.6153846153846154,0.0,0.0,0.0
loft,0.08333333333333333,0.0,0.9166666666666666,0.0,0.0
not specified,0.125,0.375,0.0,0.5,0.0
studio,0.0,0.0,0.0,0.0,1.0
