,false,true,not specified
false,0.8674698795180723,0.13253012048192772,0.0
true,0.18518518518518517,0.8148148148148148,0.0
not specified,0.7,0.3,0.0
