,comfortable,artsy,modern,plain,chic
comfortable,0.7619047619047619,0.0,0.07142857142857142,0.11904761904761904,0.047619047619047616
artsy,0.05263157894736842,0.5789473684210527,0.21052631578947367,0.10526315789473684,0.05263157894736842
modern,0.3125,0.0,0.6875,0.0,0.0
plain,0.5555555555555556,0.0,0.1111111111111111,0.3333333333333333,0.0
chic,0.42857142857142855,0.14285714285714285,0.2857142857142857,0.0,0.14285714285714285
