,Number of Bedrooms,Type of Property,Is any space shared?,Overall vibes/atmosphere
accuracy,0.8166666666666667,0.7083333333333334,0.7833333333333333,0.5166666666666667
precision,0.7548795180722891,0.429963939598828,0.4894179894179895,0.22729770229770233
recall,0.7581709956709958,0.4200621118012422,0.5607615647776291,0.21068268548671681
f1_score,0.7412604381255316,0.4164417235479675,0.5202293825048315,0.21545357946826732
