,Number of Bedrooms,Type of Property,Is any space shared?,Overall vibes/atmosphere
precision,[0.87951807 0.64       0.66666667 0.83333333],[0.72413793 0.47058824 1.         0.44444444 0.75      ],[0.85714286 0.61111111 0.        ],[0.66666667 0.78571429 0.45833333 0.27272727 0.2       ]
recall,[0.86904762 0.8        0.36363636 1.        ],[0.84       0.57142857 0.91666667 0.5        1.        ],[0.86746988 0.81481481 0.        ],[0.68085106 0.52380952 0.57894737 0.27272727 0.11111111]
f1_score,[0.8742515  0.71111111 0.47058824 0.90909091],[0.77777778 0.51612903 0.95652174 0.47058824 0.85714286],[0.86227545 0.6984127  0.        ],[0.67368421 0.62857143 0.51162791 0.27272727 0.14285714]
