,false,true,not specified
false,0.891566265060241,0.10843373493975904,0.0
true,0.14814814814814814,0.8518518518518519,0.0
not specified,0.6,0.3,0.1
