,comfortable,artsy,modern,plain,chic
comfortable,0.7272727272727273,0.022727272727272728,0.09090909090909091,0.09090909090909091,0.06818181818181818
artsy,0.16666666666666666,0.6111111111111112,0.1111111111111111,0.05555555555555555,0.05555555555555555
modern,0.21052631578947367,0.0,0.631578947368421,0.05263157894736842,0.10526315789473684
plain,0.2,0.0,0.3,0.5,0.0
chic,0.125,0.0,0.375,0.0,0.5
