,1,2,not specified,3
1,0.927710843373494,0.060240963855421686,0.0,0.012048192771084338
2,0.15,0.85,0.0,0.0
not specified,0.7272727272727273,0.0,0.2727272727272727,0.0
3,0.0,0.0,0.0,1.0
