,apartment,room,loft,not specified,studio
apartment,0.875,0.08333333333333333,0.0,0.041666666666666664,0.0
room,0.46153846153846156,0.5384615384615384,0.0,0.0,0.0
loft,0.09090909090909091,0.0,0.9090909090909091,0.0,0.0
not specified,0.25,0.375,0.0,0.375,0.0
studio,0.16666666666666666,0.0,0.0,0.0,0.8333333333333334
