,Number of Bedrooms,Type of Property,Is any space shared?,Overall vibes/atmosphere
precision,[0.875      0.77272727 1.         0.83333333],[0.68852459 0.41176471 1.         0.6        0.83333333],[0.88095238 0.65714286 1.        ],[0.72727273 0.73333333 0.46153846 0.45454545 0.36363636]
recall,[0.91666667 0.85       0.27272727 1.        ],[0.84       0.5        0.83333333 0.375      0.83333333],[0.89156627 0.85185185 0.1       ],[0.68085106 0.52380952 0.63157895 0.45454545 0.44444444]
f1_score,[0.89534884 0.80952381 0.42857143 0.90909091],[0.75675676 0.4516129  0.90909091 0.46153846 0.83333333],[0.88622754 0.74193548 0.18181818],[0.7032967  0.61111111 0.53333333 0.45454545 0.4       ]
