,Number of Bedrooms,Type of Property,Is any space shared?,Overall vibes/atmosphere
accuracy,0.85,0.6916666666666667,0.8166666666666667,0.575
precision,0.6962121212121212,0.4616067809875197,0.846031746031746,0.36620909954243286
recall,0.6078787878787878,0.46224637681159425,0.6144727056373642,0.3832794609203717
f1_score,0.6085069968790899,0.45798960588581905,0.6033270701997764,0.36969851136517806
